Date,Title,Incident Area,City,State,Latitude,Longitude,Fatalities,Injured,Race,Gender,"Latitude, Longitude"
10/1/2017,Las Vegas Strip mass shooting,Las Vegas Strip Concert outside Mandala Bay,Las Vegas, NV,36.181,-115.134,59,527,White,M,"(36.181, -115.134)"
4/29/2016,"Ferguson, MO Drive by",,Ferguson, Missouri,38.744,-90.305,0,4,Unknown,Unknown,"(38.744, -90.305)"
4/26/2016,"Forestville, Maryland Drive-by",in street,,,38.845,-76.875,1,4,Unknown,Unknown,"(38.845, -76.875)"
4/24/2016,"Halifax County, VA",crown,,,36.766,-78.928,0,6,Black American or African American,Male,"(36.766, -78.928)"
4/21/2016,Tire-Slashing revenge escalation,block party,,,39.29,-76.612,0,4,Black American or African American,Male,"(39.29, -76.612)"
4/19/2016,Chicago Rap video Shootout,in a park,,,41.878,-87.63,1,4,Unknown,Unknown,"(41.878, -87.63)"
4/19/2016,Texas family murder-suicide,Home,,,29.786,-95.824,4,0,White American or European American,Male,"(29.786, -95.824)"
4/19/2016,Alabama highway random shooting,along a highway ,,,34.162,-86.476,1,4,White American or European American,Male,"(34.162, -86.476)"
4/18/2016,Long Beach Street murder,at street corner,,,33.77,-118.194,0,3,Unknown,Unknown,"(33.77, -118.194)"
4/9/2016,"Albuquerque, NM House party shooting",at party,,,35.085,-106.606,0,4,White American or European American,Male,"(35.085, -106.606)"
4/9/2016,"Memphis, TN gas station shooting",at gas station,,,35.15,-90.049,0,4,Unknown,Unknown,"(35.15, -90.049)"
4/7/2016,Chicago Birthday Party Bus Shooting,south shore,,,41.878,-87.63,0,5,Unknown,Unknown,"(41.878, -87.63)"
4/1/2016,"Albuquerque, NM Family restaurant shooting",restaurant,,,35.085,-106.606,3,1,Asian American,Male,"(35.085, -106.606)"
3/31/2016,"Richmond, Virginia",bus station,Richmond, Virginia,37.541,-77.436,2,2,Black American or African American,Male,"(37.541, -77.436)"
3/26/2016,"Louisburg, North Carolina",,Louisburg, North Carolina,36.099,-78.301,3,0,Black American or African American,Male,"(36.099, -78.301)"
3/25/2016,"Lawrenceburg, Tennessee",in home,Lawrenceburg, Tennessee,35.242,-87.335,2,2,Unknown,Male,"(35.242, -87.335)"
3/25/2016,"Greenhill, AL Family murder-suicide",home in rural Alabama,,,34.759,-86.602,2,2,White American or European American,Male,"(34.759, -86.602)"
3/21/2016,"Sherman, Texas Family Murder-Suicide",,Sherman, Texas ,33.636,-96.609,4,0,Unknown,Male,"(33.636, -96.609)"
3/20/2016,"Louisville, KY Family Murder-Suicide",Home,Louisville, Kentucky,38.253,-85.758,4,0,White American or European American,Male,"(38.253, -85.758)"
3/19/2016,"Plantation, Florida",Home,Plantation, Florida,26.128,-80.233,1,4,Unknown,Unknown,"(26.128, -80.233)"
3/19/2016,Wetumpka Drive-by,"drive-by in Wetumpka, Alabama",Wetumpka, Alabama,32.544,-86.212,2,2,Black American or African American,Male,"(32.544, -86.212)"
3/15/2016,Atlanta Nightclub shooting,outside nightclub,,,33.749,-84.388,0,4,Unknown,Unknown,"(33.749, -84.388)"
3/13/2016,Florida Family celebration ends in shooting,,,,26.641,-81.872,0,4,Unknown,Unknown,"(26.641, -81.872)"
3/12/2016,"Elberton, Georgia murder-suicide",,,,34.111,-82.867,2,2,Unknown,Male,"(34.111, -82.867)"
3/11/2016,"Trenton, NJ sidewalk shooting","outside of an apartment complex in Trenton, NJ",,,40.217,-74.743,0,5,Unknown,Unknown,"(40.217, -74.743)"
3/11/2016,Detroit Drive-by,,,,42.331,-83.046,2,2,Unknown,Unknown,"(42.331, -83.046)"
3/9/2016,"Pittsburgh, Pennsylvania",backyard of a house,Pittsburgh, Pennsylvania,40.441,-79.996,6,3,Unknown,Male,"(40.441, -79.996)"
3/9/2016,Wilkinsburg BBQ cookout shootout,backyard of a house,,,40.442,-79.882,5,3,Unknown,Male,"(40.442, -79.882)"
3/7/2016,"Kansas City, Kansas",Home,Kansas City, Kansas,39.114,-94.627,5,0,Some other race,Male,"(39.114, -94.627)"
3/7/2016,"Lafayette, LA drive by",drive-by on MLK boulevard in Lafayette,,,30.224,-92.02,0,4,Unknown,Unknown,"(30.224, -92.02)"
3/7/2016,Kansas City Home Invasion,Home,,,39.114,-94.627,4,0,Some other race,Male,"(39.114, -94.627)"
3/6/2016,"Chelsea, MA empty apartment party shooting",apartment in Chelsea,Chelsea, Massachusetts,42.392,-71.033,1,6,Some other race,Male,"(42.392, -71.033)"
3/6/2016,"Roswell, GA Hookah shootout",,,,34.023,-84.362,0,4,Black American or African American,Male,"(34.023, -84.362)"
3/5/2016,Wichita Nightclub shooting,outside the club,,,37.687,-97.33,0,4,Unknown,Unknown,"(37.687, -97.33)"
2/28/2016,Detroit Strip Club Shootout,outside the club,,,42.331,-83.046,0,5,Black American or African American,Male,"(42.331, -83.046)"
2/28/2016,Riverside restaurant shooting,restaurant parking,,,33.997,-117.485,1,3,Some other race,Male,"(33.997, -117.485)"
2/27/2016,"Woodbridge, Virginia",outside the house,Woodbridge,  Virginia,38.67,-77.352,2,2,Black American or African American,Male,"(38.67, -77.352)"
2/26/2016,"Belfair, Washington",Home,Belfair, Washington,47.503,-122.931,5,0,White American or European American,Male,"(47.503, -122.931)"
2/25/2016,"Hesston, Kansas",,Hesston, Kansas,38.137,-97.427,4,14,Black American or African American,Male,"(38.137, -97.427)"
2/25/2016,"Belfair, WA Family murder-suicide",Home,,,47.451,-122.827,5,0,White American or European American,Male,"(47.451, -122.827)"
2/23/2016,Arizona Family Murder,Home,Glendale, Arizona,33.448,-112.074,5,0,White American or European American,Male,"(33.448, -112.074)"
2/21/2016,Missouri Highway shooting,interstate in Hazelwood,,,38.771,-90.371,1,3,Black American or African American,Male,"(38.771, -90.371)"
2/21/2016,Houston Drive-by,,,,29.76,-95.37,0,5,Unknown,Unknown,"(29.76, -95.37)"
2/20/2016,"Iuka, Mississippi",outside the house,Iuka, Mississippi,34.74,-88.138,2,3,White American or European American,Male,"(34.74, -88.138)"
2/20/2016,Florida Hookah Bar Shooting,hookah bar parking,,,27.951,-82.457,1,3,Unknown,Unknown,"(27.951, -82.457)"
2/20/2016,Kalamazoo Uber Driver Spree Killing,,,,42.292,-85.587,6,2,White American or European American,Male,"(42.292, -85.587)"
2/19/2016,"Vallejo, CA car shooting",,,,38.104,-122.257,2,2,Unknown,Unknown,"(38.104, -122.257)"
2/9/2016,Michigan school shooting,outside gym,,,43.201,-86.239,0,3,Black American or African American,Male,"(43.201, -86.239)"
2/7/2016,"Orlando, Florida",nightclub,Orlando, Florida,28.454,-81.465,2,10,Some other race,Male,"(28.454, -81.465)"
2/7/2016,Nightclub fight turns into shootout,nightclub,,,43.161,-77.611,1,7,Unknown,Unknown,"(43.161, -77.611)"
2/6/2016,"Tampa, FL Strip club shooting",strip club,,,27.951,-82.457,2,6,Unknown,Unknown,"(27.951, -82.457)"
2/6/2016,"Los Angeles, CA street shooting",,,,34.052,-118.244,1,3,Unknown,Unknown,"(34.052, -118.244)"
2/6/2016,Texas teen commits family murder suicide,,,,29.21,-99.786,4,0,White American or European American,Male,"(29.21, -99.786)"
1/31/2016,New Orleans gas station shoot-out,gas station,,,29.951,-90.072,0,3,Black American or African American,Male,"(29.951, -90.072)"
1/30/2016,"Glendale, AZ House Party shooting",Home,,,33.539,-112.186,3,5,Unknown,Male,"(33.539, -112.186)"
1/29/2016,"Caroline County, VA Family Murder Suicide",,,,38.045,-77.286,2,2,Unknown,Male,"(38.045, -77.286)"
1/27/2016,"Chesapeake, Virginia",Home,Chesapeake, Virginia,36.792,-76.329,6,0,White American or European American,Male,"(36.792, -76.329)"
1/25/2016,"Perris, CA Mexican restaurant shooting",restaurant,,,33.783,-117.229,1,4,Unknown,Male,"(33.783, -117.229)"
1/23/2016,Florida family murder,,,,30.754,-86.573,3,0,White American or European American,Male,"(30.754, -86.573)"
1/23/2016,Los Angeles Drive-by,outside of liquor store,,,34.052,-118.244,2,2,Unknown,Unknown,"(34.052, -118.244)"
1/17/2016,"Gloucester County, VA, House Party",Home,,,37.403,-76.459,1,3,Black American or African American,Male,"(37.403, -76.459)"
1/11/2016,"Wilmington, DE robbery",Home,,,39.739,-75.54,1,4,Black American or African American,Male,"(39.739, -75.54)"
1/7/2016,"Roadside in Memphis, Tennessee",,,,35.15,-90.049,1,3,Unknown,Unknown,"(35.15, -90.049)"
1/6/2016,"Residence in Lakeland, Florida",Home,,,28.039,-81.95,3,1,Black American or African American,Male,"(28.039, -81.95)"
12/6/2015,"Omaha, Nebraska",,Omaha, Nebraska,41.314,-96.081,2,3,Black American or African American,Male,"(41.314, -96.081)"
12/2/2015,"San Bernardino, California",conference room,San Bernardino, California,34.14,-117.294,16,21,Asian American,Male/Female,"(34.14, -117.294)"
11/23/2015,"Columbus, Ohio",Home,Columbus, Ohio,39.989,-82.989,4,1,White American or European American,Male,"(39.989, -82.989)"
11/23/2015,"Minneapolis, Minnesota",Black Lives Matter encampment,Minneapolis, Minnesota,44.964,-93.268,0,5,White American or European American,Male,"(44.964, -93.268)"
11/15/2015,"Tennessee Colony, Texas",private campsite,Tennessee Colony, Texas,31.808,-95.807,6,0,White American or European American,Male,"(31.808, -95.807)"
11/13/2015,"Jacksonville, Florida",Home,Jacksonville, Florida,30.332,-81.676,4,1,Black American or African American,Male,"(30.332, -81.676)"
11/7/2015,"Waycross, GA",,Waycross, Georgia,31.211,-82.358,1,2,Black American or African American,Male,"(31.211, -82.358)"
11/4/2015,"Oakland, Maine",Home,Oakland, Maine,44.55,-69.708,4,0,Unknown,Male,"(44.55, -69.708)"
10/31/2015,Colorado Springs,sidewalk,Colorado Springs, Colorado,38.867,-104.757,4,0,White American or European American,Male,"(38.867, -104.757)"
10/21/2015,"Colerain Township, Ohio",Colerain Township,Colerain Township, Ohio,39.253,-84.6,2,1,White American or European American,Male,"(39.253, -84.6)"
10/9/2015,Northern Arizona University at Flagstaff Campus,Northern Arizona University,Flagstaff, Arizona,35.173,-111.659,1,3,White American or European American,Male,"(35.173, -111.659)"
10/1/2015,Umpqua Community College,Community College Classroom,Roseburg, Oregon,43.222,-123.352,10,7,Two or more races,Male,"(43.222, -123.352)"
10/1/2015,"Inglis, Florida",,Inglis, Florida,29.033,-82.659,3,1,White American or European American,Male,"(29.033, -82.659)"
9/27/2015,Hill Haven Event Center (Formerly Club CJ's),Club,Greenville, Georgia,33.029,-84.714,0,10,Black American or African American,Male,"(33.029, -84.714)"
9/17/2015,"Platte, South Dakota",Home,Platte, South Dakota,43.387,-98.844,6,0,White American or European American,Male,"(43.387, -98.844)"
9/10/2015,"Clearbrook (Greenwood), Minnesota",Home,Clearbrook (Greenwood), Minnesota,47.696,-95.428,5,0,White American or European American,Male,"(47.696, -95.428)"
8/29/2015,"Bristol, Tennessee",,Bristol, Tennessee,36.556,-82.214,3,1,White American or European American,Male,"(36.556, -82.214)"
8/26/2015,Virginia WDBJ live TV interview shooting,Outdoor Shopping Mall,Roanoke, Virginia,37.278,-79.958,3,1,Black American or African American,Male,"(37.278, -79.958)"
8/19/2015,Parking lot near Boys and Girls Club,Genesee Street,Rochester, New York,43.17,-77.614,3,4,Black American or African American,Male,"(43.17, -77.614)"
8/8/2015,"Houston, Texas",Home,Houston, Texas,29.797,-95.368,8,0,Black American or African American,Male,"(29.797, -95.368)"
7/23/2015,"Grand 16 Theatre, Louisiana",Movie Theatre,Lafayette, Louisiana,30.212,-92.032,3,9,White American or European American,Male,"(30.212, -92.032)"
7/22/2015,Suwanee,Home,Suwanee, Georgia,34.051,-84.069,4,1,White American or European American,Male,"(34.051, -84.069)"
7/16/2015,"Amnicola Training Center, Chattanooga",military facilities,Chattanooga, Tennessee,35.093,-85.237,5,3,White American or European American,Male,"(35.093, -85.237)"
7/12/2015,River Forest,river forest,River Forest, Illinois,41.895,-87.819,2,3,Unknown,Male,"(41.895, -87.819)"
6/20/2015,Boom Boom Room,Club,Morven, North Carolina,34.864,-80.0,0,4,Black American or African American/Unknown,Male,"(34.864, -80.0)"
6/17/2015,Charleston Church Shooting,Church,Charleston, South Carolina,32.788,-79.933,9,1,White,Male,"(32.788, -79.933)"
6/16/2015,Miami Gardens,birthday party,Miami Gardens, Florida,25.943,-80.243,0,4,Black American or African American,Male,"(25.943, -80.243)"
6/7/2015,Deer Lodge,,Deer Lodge, Montana,46.398,-112.733,5,0,White American or European American,Male,"(46.398, -112.733)"
5/31/2015,Cleveland,Home,Cleveland, Ohio,41.477,-81.681,3,1,Unknown,Male,"(41.477, -81.681)"
5/31/2015,Conyers,liquor store,Conyers, Georgia,33.661,-84.027,3,2,White American or European American,Male,"(33.661, -84.027)"
5/25/2015,Club Maxey's,Club,Decatur, Illinois,39.856,-88.933,1,4,Black American or African American,Male,"(39.856, -88.933)"
5/12/2015,Tucson,,Tucson, Arizona,32.154,-110.968,5,0,Unknown,Male,"(32.154, -110.968)"
5/10/2015,Annual motorcycle event in Newark,opening of motorcycle season,Newark, New Jersey,40.732,-74.184,1,3,Black American or African American,Male,"(40.732, -74.184)"
5/3/2015,Fox Cities Trestle Trail bridge over Little Lake Butte des Morts,bridge,Menasha, Wisconsin,44.205,-88.448,4,1,Unknown,Male,"(44.205, -88.448)"
5/1/2015,Milwaukee,street,Milwaukee, Wisconsin,43.064,-87.967,2,3,Unknown,Male,"(43.064, -87.967)"
4/25/2015,Gates Pub,Gates Pub,Gates, New York,43.157,-77.693,1,6,Black American or African American,Male,"(43.157, -77.693)"
4/21/2015,Killeen,Village West Apartments,Killeen, Texas,31.079,-97.734,2,3,Black American or African American,Male,"(31.079, -97.734)"
4/16/2015,Phoenix,,Phoenix, Arizona,33.571,-112.09,5,0,Some other race,Male,"(33.571, -112.09)"
4/7/2015,Rome,street,Rome, Georgia,34.268,-85.188,1,3,Black American or African American,Male,"(34.268, -85.188)"
4/5/2015,Indianapolis,Home,Indianapolis, Indiana,39.777,-86.146,0,5,Unknown,Male,"(39.777, -86.146)"
4/3/2015,Daytona Beach,Home,Daytona Beach, Florida,29.193,-81.102,0,4,Black American or African American,Male,"(29.193, -81.102)"
3/30/2015,Tulsa,Home,Tulsa, Oklahoma,36.135,-95.913,4,0,Asian American,Male,"(36.135, -95.913)"
3/28/2015,Panama City Beach,Home,Panama City Beach, Florida,30.225,-85.874,0,7,Black American or African American,Male,"(30.225, -85.874)"
3/19/2015,Little Water,,Little Water, New Mexico,36.443,-108.723,2,2,Unknown,Male,"(36.443, -108.723)"
3/18/2015,Mesa,,Mesa, Arizona,33.423,-111.816,1,5,White American or European American,Male,"(33.423, -111.816)"
3/15/2015,Cottonwood,Home,Cottonwood, Alabama,31.055,-85.301,3,1,White American or European American,Male,"(31.055, -85.301)"
3/13/2015,Brookhaven,Home,Brookhaven, Mississippi,31.58,-90.443,2,3,Black American or African American,Male,"(31.58, -90.443)"
2/28/2015,Tarboro,Barber Shop,Tarboro, North Carolina,35.904,-77.556,4,0,Black American or African American,Male,"(35.904, -77.556)"
2/27/2015,Birmingham's Washington Park,street,Birmingham, Alabama,33.528,-86.796,1,2,Black American or African American,Male,"(33.528, -86.796)"
2/26/2015,Tyrone,Home,Tyrone, Missouri,37.204,-91.877,8,1,White American or European American,Male,"(37.204, -91.877)"
2/24/2015,Charlotte,Home,Charlotte, North Carolina,35.226,-80.837,3,0,Some other race,Male,"(35.226, -80.837)"
2/22/2015,Clarkesville,Home,Clarkesville, Georgia,34.61,-83.529,3,2,White American or European American,Male,"(34.61, -83.529)"
2/22/2015,Killeen,,Killeen, Texas,31.079,-97.734,4,1,Black American or African American,Male,"(31.079, -97.734)"
2/10/2015,Chapel Hill,Home,Chapel Hill, North Carolina,35.927,-79.039,3,0,White American or European American,Male,"(35.927, -79.039)"
2/9/2015,Moon Lake,Home,New Port Richey, Florida,28.247,-82.717,3,1,White American or European American/Some other Race,Male/Female,"(28.247, -82.717)"
2/7/2015,Monroeville Macy's,Shopping Mall,Monroeville, Pennsylvania,40.426,-79.761,0,3,Black American or African American,Male,"(40.426, -79.761)"
2/7/2015,Douglasville,Home,Douglasville, Georgia,33.711,-84.716,5,2,Black American or African American,Male,"(33.711, -84.716)"
2/4/2015,"King, North Carolina",,King, North Carolina,36.276,-80.355,4,0,White American or European American,Male,"(36.276, -80.355)"
2/1/2015,McAvan's Pub,Pub,Syracuse, New York,43.041,-76.144,0,6,Black American or African American,Male,"(43.041, -76.144)"
1/28/2015,LaGrange,Home,LaGrange, Georgia,33.036,-85.029,5,0,White American or European American,Male,"(33.036, -85.029)"
1/24/2015,Queens,Home,New York City, New York,40.69,-73.872,4,1,Black American or African American,Male,"(40.69, -73.872)"
1/24/2015,Omaha,Party Outside Home,Omaha, Nebraska,41.266,-96.054,3,5,Black American or African American,Male,"(41.266, -96.054)"
1/10/2015,Moscow,Home+Restaurant,Moscow, Idaho,46.731,-116.999,3,1,Asian American,Male,"(46.731, -116.999)"
1/1/2015,Memphis,,Memphis, Tennessee,35.105,-89.977,0,5,Black American or African American,Male,"(35.105, -89.977)"
12/15/2014,"Pennsburg, Souderton, Lansdale, Harleysville",Multiple Homes,Pennsburg," Souderton, Lansdale, Harleysville, Pennsylvania",40.394,-75.496,7,1,White American or European American,Male,"(40.394, -75.496)"
12/1/2014,Morgantown,Multiple Homes,Morgantown, West Virginia,39.634,-79.948,5,0,White American or European American,Male,"(39.634, -79.948)"
11/19/2014,Florida State University,Florida State University,Tallahassee, Florida,30.455,-84.253,1,3,Black American or African American,Male,"(30.455, -84.253)"
10/24/2014,Marysville-Pilchuck High School,School Cafeteria,Marysville, Washington,48.048,-122.136,5,1,Native American or Alaska Native,Male,"(48.048, -122.136)"
8/8/2014,Albuquerque Auto Shop,Outside an auto shop,Albuquerque, New Mexico,35.153,-106.779,2,3,Some other race,Male,"(35.153, -106.779)"
6/29/2014,Bourbon Street New Orleans,street,New Orleans, Louisiana,30.069,-89.931,1,9,Two or more races,Male,"(30.069, -89.931)"
6/8/2014,Nellis Plaza,Caf√©+Walmart,Las Vegas, Nevada,36.189,-115.326,5,0,White American or European American,Male/Female,"(36.189, -115.326)"
6/5/2014,Seattle Pacific University,Seattle Pacific University,Seattle, Washington,47.622,-122.324,1,2,Some other race,Male,"(47.622, -122.324)"
4/29/2014,Kennesaw FedEx,Workplace,Kennesaw, Georgia,34.025,-84.618,1,6,White American or European American,Male,"(34.025, -84.618)"
4/2/2014,Fort Hood,Fort Hood Army Post,Killeen, Texas,31.079,-97.734,4,16,Some other race,Male,"(31.079, -97.734)"
3/23/2014,San Francisco Tenderloin,Outside Club,San Francisco, CA,37.755,-122.442,0,8,Black American or African American,Male,"(37.755, -122.442)"
2/20/2014,Cedarville Rancheria Tribe,,Alturas, California,41.491,-120.549,4,2,Native American or Alaska Native,Female,"(41.491, -120.549)"
12/28/2013,Centennial Hill Bar & Grill,,Montgomery, Alabama,32.347,-86.267,3,5,Black American or African American,Male,"(32.347, -86.267)"
11/1/2013,Los Angeles International Airport (LAX),Los Angeles International Airport,Los Angeles, California,34.176,-118.54,1,3,White American or European American,Male,"(34.176, -118.54)"
10/21/2013,Sparks Middle School,Sparks Middle School in Nevada,Sparks, Nevada,39.541,-119.748,2,2,Some other race,Male,"(39.541, -119.748)"
9/16/2013,Washington Navy Yard,,Washington D.C.,,38.905,-77.016,13,3,Black American or African American,Male,"(38.905, -77.016)"
8/14/2013,Oklahoma City Residence,,Oklahoma City, Oklahoma,35.468,-97.519,4,0,White American or European American,Male,"(35.468, -97.519)"
8/7/2013,Homes in Desoto and Dallas,Home,Dallas, Texas,32.795,-96.766,4,4,Black American or African American,Male,"(32.795, -96.766)"
8/5/2013,Ross Township Supervisor Council Meeting,Ross Township,Salisbury , Pennsylvania,39.753,-79.084,3,3,White American or European American,Male,"(39.753, -79.084)"
7/26/2013,Hialeah apartment shooting,Apartment Complex,Hialeah, Florida,25.867,-80.291,7,0,Latino,Male,"(25.867, -80.291)"
6/7/2013,Santa Monica College,,Santa Monica, California,34.023,-118.482,6,3,White American or European American,Male,"(34.023, -118.482)"
4/24/2013,Village of Manchester in Illinois,Home,Manchester, Illinois,39.542,-90.33,7,1,White American or European American,Male,"(39.542, -90.33)"
4/21/2013,Pinewood Village Apartments,Apartment,Federal Way, Washington,47.309,-122.336,5,0,Black American or African American,Male,"(47.309, -122.336)"
3/13/2013,Mohawk and Herkimer Villages in New York,,Mohawk, New York,43.01,-75.008,5,2,White American or European American,Male,"(43.01, -75.008)"
2/19/2013,"Ladera Ranch, Santa Ana, Tustin and Orange",,Ladera Ranch, California,33.55,-117.642,4,3,White American or European American,Male,"(33.55, -117.642)"
2/3/2013,Los Angeles Police Department,,Irvine, California,33.678,-117.774,4,2,Black American or African American,Male,"(33.678, -117.774)"
1/30/2013,Phoenix Law Firm,Entrance of building,Phoenix, Arizona,33.571,-112.09,3,1,White American or European American,Male,"(33.571, -112.09)"
1/19/2013,South Valley Residence,Home,South Valley," Albuquerque, New Mexico",35.153,-106.779,5,0,Some other race,Male,"(35.153, -106.779)"
12/14/2012,Sandy Hook Elementary School,,Newtown, Connecticut,41.412,-73.312,28,2,White American or European American,Male,"(41.412, -73.312)"
12/11/2012,Clackamas Town Center,Shopping Mall,Happy Valley, Oregon,45.449,-122.544,3,1,Some other race,Male,"(45.449, -122.544)"
10/21/2012,Azana Spa in Brookfield,Azana Spa in Brookfield,Brookfield, Wisconsin,43.064,-88.123,4,4,Black American or African American,Male,"(43.064, -88.123)"
9/28/2012,The Spot Nightclub,Club,Miami, Florida,25.797,-80.208,0,15,Black American or African American,Male,"(25.797, -80.208)"
9/27/2012,Accent Signage Systems in Minneapolis,Accent Signage Systems Building,Minneapolis, Minnesota,44.964,-93.268,7,2,White American or European American,Male,"(44.964, -93.268)"
8/5/2012,Sikh Temple in Wisconsin,Sikh Temple,Oak Creek, Wisconsin,42.88,-87.901,7,4,White American or European American,Male,"(42.88, -87.901)"
7/20/2012,Aurora theater shooting,Movie Theatre,Aurora, Colorado,39.709,-104.823,12,70,white,Male,"(39.709, -104.823)"
6/9/2012,University Heights Apartments in Auburn,Apartment Complex,Auburn, Alabama,32.606,-85.49,3,3,Black American or African American,Male,"(32.606, -85.49)"
5/30/2012,Cafe in Seattle,,Seattle, Washington,47.622,-122.324,6,1,White American or European American,Male,"(47.622, -122.324)"
5/20/2012,Seattle cafe shooting,,Seattle, Washington,47.604,-122.33,6,1,white,Male,"(47.604, -122.33)"
4/6/2012,"North Tulsa, Oklahoma","Tulsa, Oklahoma",Tulsa, Oklahoma,36.135,-95.913,3,2,White American or European American,Male,"(36.135, -95.913)"
4/2/2012,Oikos University killings,Nursing Classroom,Oakland, California,37.804,-122.271,7,3,Asian,Male,"(37.804, -122.271)"
2/27/2012,Chardon High School,Chardon High Scool,Chardon, Ohio,41.58,-81.208,3,3,White American or European American,Male,"(41.58, -81.208)"
2/22/2012,Su Jung Health Sauna shooting,Spa,Norcross, Georgia,33.941,-84.214,5,0,Asian,Male,"(33.941, -84.214)"
1/29/2012,Ensley Birmingham,Home,Birmingham, Alabama,33.528,-86.796,5,0,Black American or African American,Male,"(33.528, -86.796)"
10/12/2011,Salon Meritage,Hair Salon,Seal Beach, California,33.754,-118.072,8,1,White American or European American,Male,"(33.754, -118.072)"
9/6/2011,IHOP shooting,International House of Pancakes Restaurant,Carson City, Nevada,39.164,-119.767,5,7,Latino,Male,"(39.164, -119.767)"
7/7/2011,Residences in Grand Rapids,,Grand Rapids, Michigan,42.969,-85.66,8,2,Black American or African American,Male,"(42.969, -85.66)"
4/6/2011,Southern Union State Community College,Opelika campus of Southern Union State Community College in Alabama,Opelika, Alabama,32.662,-85.377,1,3,White American or European American,Male,"(32.662, -85.377)"
2/6/2011,Youngstown State University,fraternity house party,Youngstown, Ohio,41.099,-80.646,1,11,Black American or African American,Male,"(41.099, -80.646)"
1/8/2011,Tucson shooting,,Tucson, Arizona,32.222,-110.926,6,13,white,Male,"(32.222, -110.926)"
8/3/2010,Hartford Beer Distributor shooting,Workplace,Manchester, Connecticut,41.776,-72.521,9,2,black,Male,"(41.776, -72.521)"
2/12/2010,University of Alabama in Huntsville,University of Alabama,Huntsville, Alabama,34.728,-86.672,0,3,White American or European American,Female,"(34.728, -86.672)"
11/29/2009,Coffee shop police killings,Coffee Shop,Parkland, Washington,47.156,-122.437,4,1,black,Male,"(47.156, -122.437)"
11/29/2009,Parkland Coffee Shop,Coffee Shop,Lakewood, Washington,47.163,-122.53,5,0,Black American or African American,Male,"(47.163, -122.53)"
11/5/2009,Fort Hood Army Base,Fort Hood Army Post,Fort Hood, Texas,31.138,-97.778,13,32,White American or European American,Male,"(31.138, -97.778)"
4/3/2009,Binghamton shootings,American Civic Association Centre,Binghamton, New York,42.099,-75.918,14,4,Asian,Male,"(42.099, -75.918)"
3/29/2009,Carthage nursing home shooting,Nursing Home,Carthage, North Carolina,35.346,-79.417,8,3,white,Male,"(35.346, -79.417)"
3/29/2009,"Rivermark, Santa Clara, California",Home,Santa Clara, California,37.365,-121.968,6,1,Asian American,Male,"(37.365, -121.968)"
3/29/2009,Pinelake Health and Rehab nursing home,Nursing Home,Carthage, North Carolina,35.34,-79.414,8,2,White American or European American,Male,"(35.34, -79.414)"
3/10/2009,"Geneva County, Alabama",,Geneva, Alabama,31.044,-85.876,11,6,White American or European American,Male,"(31.044, -85.876)"
12/24/2008,"Covina, California",Home,Covina, California,34.09,-117.882,10,2,White American or European American,Male,"(34.09, -117.882)"
10/26/2008,University of Central Arkansas,Dormitory,Conway, Arkansas,35.081,-92.433,0,1,Black American or African American,Male,"(35.081, -92.433)"
7/24/2008,South Mountain Community College,South Mountain Community College,Phoenix, Arizona,33.571,-112.09,0,3,Black American or African American,Male,"(33.571, -112.09)"
6/25/2008,Atlantis Plastics,Atlantis Plastics Factory,Henderson, Kentucky,37.84,-87.579,7,1,White American or European American,Male,"(37.84, -87.579)"
2/14/2008,Northern Illinois University shooting,Lecture Hall,DeKalb, Illinois,41.929,-88.75,5,21,white,Male,"(41.929, -88.75)"
2/7/2008,Kirkwood City Hall,City Hall Building,Kirkwood, Missouri,38.579,-90.42,6,2,Black American or African American,Male,"(38.579, -90.42)"
12/24/2007,"Carnation, Washington",Home,Carnation, Washington,47.646,-121.909,6,0,White American or European American,Male/Female,"(47.646, -121.909)"
12/11/2007,Mojave High School Bus,School Bus Stop,Las Vegas, Nevada,36.189,-115.326,0,6,Black American or African American,Male,"(36.189, -115.326)"
12/9/2007,Youth With A Mission and New Life Church,Training Center+Church,Arvada, Colorado,39.811,-105.174,5,5,White American or European American,Male,"(39.811, -105.174)"
12/5/2007,Westroads Mall shooting,Shopping Mall,Omaha, Nebraska,41.259,-95.938,9,4,white,Male,"(41.259, -95.938)"
10/25/2007,South Middle School Football Game,"South Middle School in Saginaw, Michigan",Saginaw, Michigan,43.419,-83.95,0,4,Black American or African American,Male,"(43.419, -83.95)"
10/11/2007,SuccessTech Academy,SuccessTech Academy,Cleveland, Ohio,41.477,-81.681,1,4,White American or European American,Male,"(41.477, -81.681)"
10/7/2007,Crandon shooting,Home,Crandon, Wisconsin,45.572,-88.903,6,1,white,Male,"(45.572, -88.903)"
4/16/2007,Virginia Tech massacre,School Campus,Blacksburg, Virginia,37.23,-80.414,32,23,Asian,Male,"(37.23, -80.414)"
4/10/2007,Springwater Trail High School,Springwater Trail High School,Gresham, Oregon,45.502,-122.441,0,10,Some other race,Male,"(45.502, -122.441)"
2/12/2007,Trolley Square,Trolley Square,Salt Lake City, Utah,40.778,-111.931,6,4,White American or European American,Male,"(40.778, -111.931)"
10/2/2006,Amish school shooting,Bart Township,Lancaster County, Pennsylvania,39.959,-76.081,6,5,white,Male,"(39.959, -76.081)"
10/2/2006,West Nickel Mines Amish School,Bart Township,Nickel Mines," Lancaster, Pennsylvania",40.042,-76.301,6,5,White American or European American,Male,"(40.042, -76.301)"
9/17/2006,Duquesne University,,Pittsburgh, Pennsylvania,40.439,-79.976,0,5,Black American or African American,Male,"(40.439, -79.976)"
8/30/2006,Orange High School,Home+School,Hillsborough, North Carolina,36.041,-79.097,1,2,Some other race,Male,"(36.041, -79.097)"
8/24/2006,Essex Elementary School,Home+School,Essex Junction, Vermont,44.49,-73.114,2,2,Black American or African American,Male,"(44.49, -73.114)"
3/25/2006,Capitol Hill massacre,Capitol Hill neighborhood of Seattle,Seattle, Washington,47.623,-122.316,7,2,white,Male,"(47.623, -122.316)"
1/30/2006,Goleta Post Office,Goleta Post Office,Goleta, California,34.436,-119.859,8,0,White American or European American,Female,"(34.436, -119.859)"
3/21/2005,Red Lake High School,Home+School,Red Lake, Minnesota,47.871,-95.005,10,5,Native American or Alaska Native,Male,"(47.871, -95.005)"
3/12/2005,Living Church of God,Church,Brookfield, Wisconsin,43.064,-88.123,8,4,White American or European American,Male,"(43.064, -88.123)"
2/24/2005,Tyler Courthouse,Smith County Courthouse,Tyler, Texas,32.315,-95.305,3,4,Some other race,Male,"(32.315, -95.305)"
12/8/2004,Damageplan show at the Alrosa Villa Nightclub,,Columbus, Ohio,39.989,-82.989,5,7,White American or European American,Male,"(39.989, -82.989)"
11/21/2004,"Birchwood, Wisconsin",forests of Birchwood,Birchwood, Wisconsin,45.658,-91.551,6,2,Asian American,Male,"(45.658, -91.551)"
8/27/2003,Windy City Core Supply Warehouse,Warehouse,Chicago, Illinois,41.839,-87.688,7,0,Some other race,Male,"(41.839, -87.688)"
7/8/2003,Lockheed Martin shooting,Workplace,Meridian, Mississippi,32.376,-88.69,7,8,white,Male,"(32.376, -88.69)"
5/9/2003,Case Western Reserve University,School,Cleveland, Ohio,41.477,-81.681,1,2,Asian American,Male,"(41.477, -81.681)"
10/28/2002,University of Arizona College of Nursing,University of Arizona,Tucson, Arizona,32.154,-110.968,4,0,Some other race,Male,"(32.154, -110.968)"
1/16/2002,Appalachian School of Law,Appalachian School of Law,Grundy, Virginia,37.275,-82.099,3,3,Black American or African American,Male,"(37.275, -82.099)"
3/5/2001,Santana High School,Santana High School,Santee," San Diego, California",32.864,-117.128,2,13,White American or European American,Male,"(32.864, -117.128)"
2/5/2001,Navistar International,Navistar in Melrose Park,Melrose Park, Illinois,41.903,-87.864,6,4,Black American or African American,Male,"(41.903, -87.864)"
12/26/2000,Wakefield massacre,Edgewater Technology,Wakefield, Massachusetts,42.506,-71.073,7,0,white,Male,"(42.506, -71.073)"
12/30/1999,Radisson Bay Harbor Inn,,Tampa, Florida,27.996,-82.445,5,3,Some other race,Male,"(27.996, -82.445)"
12/6/1999,Fort Gibson Middle School,Fort Gibson Middle School,Fort Gibson, Oklahoma,35.777,-95.26,0,4,White American or European American,Male,"(35.777, -95.26)"
11/2/1999,Xerox killings,,Honolulu, Hawaii,21.326,-157.847,7,0,Asian,Male,"(21.326, -157.847)"
9/15/1999,Wedgwood Baptist Church,Church,Fort Worth, Texas,32.748,-97.313,8,7,White American or European American,Male,"(32.748, -97.313)"
7/29/1999,Offices of All-Tech Investment Group and Momentum Securities,Home+Stock Exchange Office,Atlanta, Georgia,33.763,-84.423,10,12,White American or European American,Male,"(33.763, -84.423)"
5/20/1999,Heritage High School,Heritage High School,Conyers, Georgia,33.661,-84.027,0,6,White American or European American,Male,"(33.661, -84.027)"
4/20/1999,Columbine High School,Columbine High School,Littleton, Colorado,39.594,-105.015,15,24,White American or European American,Male,"(39.594, -105.015)"
10/6/1998,Riverside City Hall,City Hall Building,Riverside, California,33.938,-117.395,0,6,Black American or African American,Male,"(33.938, -117.395)"
5/21/1998,Thurston High School,Home+School,Springfield, Oregon,44.055,-123.008,4,25,White American or European American,Male,"(44.055, -123.008)"
4/24/1998,Parker Middle School Dance,Banquet Hall,Edinboro, Pennsylvania,41.876,-80.125,1,3,White American or European American,Male,"(41.876, -80.125)"
3/24/1998,Westside Middle School killings,School,Jonesboro, Arkansas,35.821,-90.668,5,10,white,Male,"(35.821, -90.668)"
3/6/1998,Connecticut State Lottery Headquarters,Workplace,Newington, Connecticut,41.687,-72.731,5,0,White American or European American,Male,"(41.687, -72.731)"
12/19/1997,Milwaukee Post Office,Workplace,Milwaukee, Wisconsin,43.064,-87.967,2,2,Black American or African American,Male,"(43.064, -87.967)"
12/18/1997,Caltrans Maintenance Yard,Workplace,Orange, California,33.789,-117.82,5,2,Some other race,Male,"(33.789, -117.82)"
12/1/1997,Heath High School,Health High School,West Paducah, Kentucky,37.085,-88.744,3,5,White American or European American,Male,"(37.085, -88.744)"
10/1/1997,Pearl High School,Home+School,Pearl, Mississippi,32.275,-90.095,2,7,White American or European American,Male,"(32.275, -90.095)"
9/15/1997,R.E. Phelon Company,R.R. Phelon Company,Aiken, South Carolina,33.475,-81.726,4,3,Black American or African American,Male,"(33.475, -81.726)"
2/19/1997,Bethel Regional High School,Bethel Regional High School,Bethel, Alaska,60.791,-161.793,2,2,White American or European American,Male,"(60.791, -161.793)"
8/15/1996,San Diego State University,San Diego State University,San Diego, California,32.864,-117.128,3,0,White American or European American,Male,"(32.864, -117.128)"
2/9/1996,Fort Lauderdale revenge shooting,,Fort Lauderdale, Florida,26.122,-80.143,6,1,black,Male,"(26.122, -80.143)"
2/2/1996,Frontier Junior High School,Frontier Junior High School,Moses Lake, Washington,47.122,-119.275,3,1,White American or European American,Male,"(47.122, -119.275)"
11/15/1995,Richland High School,Richland High School,Lynnville, Tennessee,35.378,-87.006,2,1,White American or European American,Male,"(35.378, -87.006)"
4/3/1995,Walter Rossler Company,Workplace,Corpus Christi, Texas,27.739,-97.431,6,0,Unknown,Male,"(27.739, -97.431)"
3/21/1995,Montclair Post Office,Post Office in Montclair,Montclair, New Jersey,40.826,-74.209,4,1,White American or European American,Male,"(40.826, -74.209)"
1/26/1995,Downtown Chapel Hill,,Chapel Hill, North Carolina,35.927,-79.039,2,2,White American or European American,Male,"(35.927, -79.039)"
12/30/1994,Massachusetts Abortion Clinic,health clinic,Brookline, Massachusetts,42.324,-71.141,2,5,White American or European American,Male,"(42.324, -71.141)"
11/7/1994,Wickliffe Middle School,Wickliffe Middle School,Wickliffe, Ohio,41.607,-81.469,1,3,White American or European American,Male,"(41.607, -81.469)"
6/20/1994,Fairchild Air Force Base Hospital,hospital,Fairchild Air Force Base, Washington,47.618,-117.644,5,23,White American or European American,Male,"(47.618, -117.644)"
5/26/1994,"Residence in Union, Kentucky",Home+School,Union, Kentucky,38.951,-84.671,4,0,White American or European American,Male,"(38.951, -84.671)"
12/16/1993,Chelsea High School,Chelsea High School,Chelsea, Michigan,42.313,-84.019,1,2,White American or European American,Male,"(42.313, -84.019)"
12/14/1993,Chuck E. Cheese in Aurora,Chuck E. Cheese,Aurora, Colorado,39.699,-104.787,4,1,Black American or African American,Male,"(39.699, -104.787)"
12/7/1993,Long Island Rail Road Commuter Train,Train,Garden City, New York,40.727,-73.645,6,19,Black American or African American,Male,"(40.727, -73.645)"
9/17/1993,Central Middle School,Central Middle School,Sheridan, Wyoming,44.791,-106.96,1,4,White American or European American,Male,"(44.791, -106.96)"
8/6/1993,Luigi's Restaurant in Fayetteville,Luigi's Restaurant,Fayetteville, North Carolina,35.08,-79.038,4,8,White American or European American,Male,"(35.08, -79.038)"
7/8/1993,Weber State University,Weber State University,Ogden, Utah,41.228,-111.968,1,3,Asian American,Male,"(41.228, -111.968)"
7/1/1993,Offices of Pettit & Martin in San Francisco,law firm,San Francisco, California,37.755,-122.442,9,6,White American or European American,Male,"(37.755, -122.442)"
5/6/1993,Dearborn Post Office,Workplace,Dearborn, Michigan,42.313,-83.213,2,2,Unknown,Male,"(42.313, -83.213)"
5/6/1993,Dana Point Post Office,,Dana Point, California,33.473,-117.696,1,5,White American or European American,Male,"(33.473, -117.696)"
12/14/1992,Simon's Rock College of Bard,Simon's Rock College of Bard,Great Barrington, Massachusetts,42.194,-73.362,2,4,Asian American,Male,"(42.194, -73.362)"
10/15/1992,Schuyler County Office Building,County Office Building,Watkins Glen, New York,42.38,-76.867,5,0,White American or European American,Male,"(42.38, -76.867)"
9/11/1992,Palo Duro High School,"Amarillo, Texas",Amarillo, Texas,35.183,-101.881,0,6,Unknown,Male,"(35.183, -101.881)"
5/1/1992,Lindhurst High School,Lindhurst High School,Olivehurst, California,39.082,-121.555,4,10,White American or European American,Male,"(39.082, -121.555)"
11/14/1991,Royal Oak Post Office,Post Office in Royal Oak,Royal Oak, Michigan,42.508,-83.154,5,5,White American or European American,Male,"(42.508, -83.154)"
11/1/1991,University of Iowa,University of lowa,Iowa City, Iowa,41.656,-91.531,6,1,Asian American,Male,"(41.656, -91.531)"
10/16/1991,"Luby's Cafeteria in Killeen, Texas",Luby's Cafeteria,Killeen, Texas,31.079,-97.734,24,20,White American or European American,Male,"(31.079, -97.734)"
10/10/1991,Ridgewood Post Office,,Ridgewood, New Jersey,40.982,-74.113,3,0,Black American or African American,Male,"(40.982, -74.113)"
8/9/1991,Wat Promkunaram Buddhist Temple,Buddhist Monastery,Phoenix, Arizona,33.571,-112.09,9,0,Asian American/Some other race,Male,"(33.571, -112.09)"
6/17/1990,GMAC Loan Office,,Jacksonville, Florida,30.332,-81.676,12,6,Black American or African American,Male,"(30.332, -81.676)"
9/14/1989,Standard Gravure Corporation,Standard Gravure printing company,Louisville, Kentucky,38.249,-85.726,9,12,White American or European American,Male,"(38.249, -85.726)"
8/10/1989,Orange Glenn Post Office,,Escondido, California,33.134,-117.072,4,1,White American or European American,Male,"(33.134, -117.072)"
1/17/1989,Cleveland Elementary School,Cleveland Elementary School,Stockton, California,37.966,-121.302,6,30,White American or European American,Male,"(37.966, -121.302)"
12/14/1988,New Orleans Downtown Post Office,main post office in downtown New Orleans,New Orleans, Louisiana,30.069,-89.931,0,4,Unknown,Male,"(30.069, -89.931)"
9/26/1988,Oakland Elementary School,Oakland Elementary School,Greenwood, South Carolina,34.193,-82.154,2,9,White American or European American,Male,"(34.193, -82.154)"
9/22/1988,Comet Auto Parts and Montefiore School,,Chicago, Illinois,41.839,-87.688,5,2,Black American or African American,Male,"(41.839, -87.688)"
5/20/1988,Hubbard Woods Elementary School,Home+School,Winnetka, Illinois,42.106,-87.742,2,7,White American or European American,Female,"(42.106, -87.742)"
2/16/1988,Electromagnetic Systems Laboratory (ESL),ESL in Sunnyvale,Sunnyvale, California,37.383,-122.026,7,4,White American or European American,Male,"(37.383, -122.026)"
2/11/1988,Pinellas Park High School,School,Pinellas Park, Florida,27.849,-82.711,1,2,White American or European American,Male,"(27.849, -82.711)"
4/23/1987,Palm Bay Shopping Centers,,Palm Bay, Florida,27.984,-80.667,6,14,White American or European American,Male,"(27.984, -80.667)"
12/4/1986,Fergus County High School,Fergus County High School,Lewistown, Montana,47.037,-109.484,1,3,White American or European American,Male,"(47.037, -109.484)"
8/20/1986,"Post office in Edmond, Oklahoma","Edmond, Oklahoma",Edmond, Oklahoma,35.669,-97.414,15,6,White American or European American,Male,"(35.669, -97.414)"
8/12/1986,New York Technical College,New York Technical College in Brooklyn,Brooklyn, New York,40.679,-73.94,1,4,Black American or African American,Male,"(40.679, -73.94)"
3/6/1985,Atlanta Post Office,Atlanta Post Office,Atlanta, Georgia,33.763,-84.423,2,1,Black American or African American,Male,"(33.763, -84.423)"
1/21/1985,Goddard Junior High School,Goddard Junior High School,Goddard, Kansas,37.671,-97.551,1,3,White American or European American,Male,"(37.671, -97.551)"
7/18/1984,McDonald's restaurant in San Ysidro,McDonald's restaurant in San Ysidro,San Ysidro, California,32.556,-117.048,22,19,White American or European American,Male,"(32.556, -117.048)"
6/29/1984,Ianni's Club in Dallas,lanni's dance club,Dallas, Texas,32.795,-96.766,6,1,White American or European American,Male,"(32.795, -96.766)"
2/24/1984,49th Street Elementary School,,Los Angeles, California,34.176,-118.54,3,12,Black American or African American,Male,"(34.176, -118.54)"
8/19/1983,Johnston Post Office,Johnston Post Office,Johnston, South Carolina,33.833,-81.805,1,3,White American or European American,Male,"(33.833, -81.805)"
2/18/1983,Wah Mee Club in Seattle,Wah Mee Gambling Club,Seattle, Washington,47.622,-122.324,13,1,Asian American,Male,"(47.622, -122.324)"
8/20/1982,Welding shop in Miami,,Miami, Florida,25.797,-80.208,9,3,White American or European American,Male,"(25.797, -80.208)"
3/19/1982,Valley High School,Valley High School,Las Vegas, Nevada,36.189,-115.326,1,2,White American or European American,Male,"(36.189, -115.326)"
10/6/1979,University of South Carolina,fraternity house party,Columbia, South Carolina,34.051,-80.821,2,5,Black American or African American,Male,"(34.051, -80.821)"
1/29/1979,Grover Cleveland Elementary School,,San Diego, California,32.864,-117.128,2,9,White American or European American,Female,"(32.864, -117.128)"
7/12/1976,Cal State Fullerton,California State University,Fullerton, California,33.884,-117.928,7,2,White American or European American,Male,"(33.884, -117.928)"
2/19/1976,Los Angeles Computer Learning Center,Los Angeles Computer School,Los Angeles, California,34.176,-118.54,1,7,White American or European American,Male,"(34.176, -118.54)"
12/30/1974,Olean High School,,Olean, New York,42.082,-78.432,3,7,White American or European American,Male,"(42.082, -78.432)"
1/17/1974,Clara Barton Elementary School,Clara Barton Elementary School,Chicago, Illinois,41.839,-87.688,1,3,Unknown,Male,"(41.839, -87.688)"
12/31/1972,New Orleans Police Shootings,,New Orleans, Louisiana,30.069,-89.931,10,13,Black American or African American,Male,"(30.069, -89.931)"
11/11/1971,St. Aloysius Church,Church,Spokane, Washington,47.674,-117.416,2,4,White American or European American,Male,"(47.674, -117.416)"
11/12/1966,Rose-Mar College of Beauty,Rose-Mar College of Beauty,Mesa, Arizona,33.423,-111.816,5,1,White American or European American,Male,"(33.423, -111.816)"
8/1/1966,University of Texas at Austin,University of Texas,Austin, Texas,30.199,-97.844,17,32,White American or European American,Male,"(30.199, -97.844)"
